Likes,Dislikes,Subscribers
104460,3365,7300000
103203,3570,3300000
22485,612,1800000
23077,1337,465000
12315,522,11000000
138716,4417,11000000
10505,496,1600000
48917,1633,4100000
56590,1004,3000000
3531,340,157000
9842,253,3100000
10919,413,4000000
316492,7384,19000000
37102,680,1800000
33876,785,6300000
16021,4595,461000
42473,13161,391000
180665,12626,159000
12086,178,2900000
14913,962,34000
59184,2214,35000
17374,924,21000
66196,4706,459000
17507,337,570000
26379,2915,10000000
26853,10735,324000
89628,5481,1600000
17374,924,21000
101468,5726,13000000
14393,2200,13000000
44160,2312,3400000
84551,5561,6600000
24936,598,18000000
68359,2709,10000
18451,651,5200000
31213,460,29000000
12058,1846,2500000
60523,2623,540000
54641,31290,2500000
38866,2991,696000
111667,47179,10000000
130616,21280,41000000
22557,663,7800000
81060,3386,17000
76285,3138,3000000
70522,1376,11000000
10307,2017,997000
22526,348,11000000
58956,1611,3200000
53424,1791,11000000
101140,1608,2700000
33271,8307,1300000
118817,16451,45000
129861,42420,41000000
87943,31917,1300000
128751,13601,41000000
60818,2359,12000000
54338,4002,41000000
90734,5705,41000000
583768,54876,7600000
17453,346,1500000
13167,394,8400000
18208,1459,683000
10423,207,1400000
45957,12382,358000
13295,458,10000000
6536,1065,720000
15501,457,2200000
19963,313,625000
1336,152,509000
345956,4832,11000000
68697,2084,7300000
71947,13079,256000
56115,5145,324000
28406,4855,1300000
159603,121603,0
81062,3386,17000
76285,3138,3000000
70526,1377,11000000
20661,496,2800000
58956,1611,3200000
53425,1791,11000000
190424,1791,19000000
52,11,3300
1949356,26470,22000000
21021,3375,0
402729,23890,2900000
6947127,512981,4000000
596,23,282000
4774195,634053,5400000
4773941,160960,3000000
5271431,341851,7500000
2846199,165396,5500000
1931573,119599,1400000
261491,10825,23000000
1846527,117401,2700000
146739,25449,8200000
14686,766,0
8893670,329811,16000000
98399,6409,279000
59,31,12000
13850,1349,274000
4248,195,461000
795,6,79000
107,15,566000
55,2,271000
148,3,566000
36,2,566000
20,3,413000
195,6,566000
323,13,271000
133,14,566000
680,33,566000
130,3,566000
25238,1508,457000
417,18,1400000
41,3,1000000
3980,545,67000
498,30,1400000
1255,63,471000
2405,295,274000
511,131,477000
2370,312,274000
8992,774,274000
14403,3320,472000
13271,1763,11000
66196,4706,459000
22767,4695,274000
5775,546,274000
707,44,1400000
48,2,754000
5,0,109000
1591,68,483000
5,1,98000
4743,399,19000000
13241,188,270000
13270,357,3400000
56595,2494,7400000
2822,47,389000
987,50,1000000
38018,3756,270000
5186,594,138000
193402,12533,13000000
67297,2300,10000000
15499,584,3400000
31005,3766,265000
29982,6812,1100000
21629,2228,70000
60491,6842,265000
17600,319,4000000
3211,142,33000
19394,451,459000
8627,259,354000
1532,228,70000000
930,188,70000000
347,52,70000000
2917,378,53000
5154,995,0
475,20,1500000
85,14,301000
9029,362,2700
10352,1651,0
151,84,5900
4120,238,3000
12634,2129,31000
1450,153,0
5415,1346,8900
5423,593,17000000
10509,1433,0
8925,1510,0
25898,9946,0
472,56,21000
20673,3090,0
935,268,0
5530,286,35000
7188,331,487000
1769,209,20000000
579,47,401000
1186,211,28000
2163,102,0
11553,4866,5300000
2522,205,10000
32145,6988,5300000
40710,8916,750000
27996,2273,487000
33,1,1700
20515,1357,487000
1809,308,52000
22453,4164,243000
2251,158,19000000
4577,295,487000
304,121,51000
1601,477,5300000
955,85,3400000
19,37,336000
15,6,98000
868,169,5300000
18,58,98000
60,8,558000
534,182,5300000
28,3,1000000
58,28,4800000
255,23,958000
41,11,958000
265,93,3400000
134,190,3400000
787,32,2100000
278,25,4800000
3,4,1300000
1992,147,2100000
391,41,2100000
77,4,4400000
132,5,1000000
2572,165,2100000
257,13,4400000
92,4,4400000
101,85,2100000
392,77,958000
215,11,4400000
1583,250,870000
510,62,822000
6981,202,7700000
32976,2669,36000000
223,50,523000
21195,1305,36000000
11183,390,36000000
9975,15201,7100000
9179,151,7700000
1738,92,646000
2932,196,646000
8063,353,639000
7816,96,143000
307,42,668000
850,3,60000
649,128,1000000
12503,357,459000
1150115,29272,22000000
23501,1176,90000
37021,930,345000
512125,10470,22000000
163157,6350,452000
12586,467,2100000
133,9,455000
1100,14,38000
1310,9,2100000
592,10,177000
41,0,35000
27,4,0
1447948,31286,3400000
795978,16165,3400000
589041,11070,3400000
7080,144,26000
17114,542,543000
4018,50,2000000
46353,1832,2200000
47,1,47000
128,28,72000
165,94,5300000
76,13,1300000
240,67,5300000
68,26,1300000
39,6,413000
746,381,5300000
649,57,2100000
16,31,921000
32,6,634000
3449,72,611000
109,8,4400000
9,17,634000
780,12,297000
228,38,8000000
25,3,1000000
2,1,634000
187,2,116000
64,22,979000
696,133,411000
15,6,1500000
223858,14572,79000
161906,7474,1500000
48652,3564,58000
106829,6896,1500000
559,26,58000
7817,112,18000
5408,461,79000
28881,526,8500000
25372,743,1700000
8158,680,17000
4605,97,3600000
5265,274,2100000
104951,9986,96000
2990171,202687,1400000
491699,31306,1400000
59975,8092,13000000
44010,1750,3600000
8052,156,1700000
1927,87,67000
28684,2872,3200000
22475,3500,1100000
1806,22,7000
10108,347,14000
12379,447,139000
28290,2110,1300000
4303,74,7000
581,32,676000
492,39,974000
15163,338,7700
24655,3577,2000000
9276,608,4700000
18321,1585,12000000
27300,2008,4700000
82779,3340,368000
30771,1699,12000
31556,320,6900000
5497,481,63000
13367,781,8900000
35327,2448,8900000
26466,2561,8900000
28220,2435,8900000
22598,1231,8900000
15,2,5000000
415,11,336000
43,3,1000000
23,0,1000000
28,1,1000000
19,1,5000000
15,2,5000000
2822,757,3300000
343,14,3600000
205,8,232000
233,9,98000
100,22,8000000
41,2,5000000
32,5,189000
94,3,336000
152,13,8000000
12,7,37000
16086,8835,20000000
13478,7423,20000000
1362,722,0
917,421,270000
53783,24154,1000000
318411,21609,67000
2751,1529,0
15509,457,2200000
2730,1274,313000
47648,3645,4000000
3620,40,1500000
32527,15823,17000000
897692,531845,17000000
12926,7209,0
3819,835,17000
138,13,155000
29682,17249,1800000
158,34,16000
40,2,785000
16,2,558000
6,1,958000
149,32,4800000
7,1,413000
7,0,77000
9,1,413000
2,0,6800
10,0,558000
3902,266,13000000
56611,1005,3000000
5160,47,2700000
8408,146,4000000
67,10,210000
1059,56,348000
938,27,66000
5206,134,678000
2102,64,874000
2,1,210000
838,13,85000
1702,40,4900000
39,23,210000
6994,54,311000
7789,181,642000
49,33,210000
2891,60,449000
390,11,61000
19428,3015,4700000
2430,439,19000000
33846,2318,57000
1146,40,28000
263,3,198000
23522,599,3000000
3383,140,10000
81914,3278,2700000
1959,93,20000000
58799,1828,334000
52198,10811,4700000
23036,2512,4700000
79878,5511,3000000
5658,520,323000
105711,1392,4000000
5541,160,1300000
15687,1796,20000000
4632,219,198000
136,13,0
53417,623,20000
2455,34,20000
19398,212,4000
5345,795,1200000
126906,3635,79000
6656,82,0
1025,4,4000
149,0,1300
995,15,20000
8594,457,1000000
804,7,20000
30443,522,38000
65695,1068,49000
6664,67,410000
1166,9,0
651,7,389000
53141,1475,79000
3403,22,20000
5043,651,27000
94984,10147,308000
370,6,1200000
57296,4290,308000
8431,73,1200000
69,11,87000
42341,3996,41000000
48142,4089,479000
329,46,364000
4133,991,364000
1430,11,752000
0,0,0
6978,48,249000
1,0,2600
135,11,1700000
1,0,9500
1951,29,76000
559,11,26000
47976,6411,210000
1959,42,41000
1688,10,58000
15126,249,58000
11950,1236,200000
6828,359,6800
1,0,5100
149,6,6100
9,0,0
6034,153,78000
16752,808,111000
171,3,2100
87,4,34000
1098,12,147000
8397,91,58000
5797,153,58000
3226,30,58000
1699,50,78000
299,6,246000
3923,200,127000
10699,665,640000
1683,50,3000000
360615,25440,380000
145382,6810,10000000
101680,4752,2700000
59672,2177,2500000
3014,513,64000
2427,140,18000000
56620,1005,3000000
118159,9463,380000
21640,574,380000
23047,739,380000
992,29,256000
36763,991,6100000
28647,6383,50000
266164,25706,157000
156091,7023,3000000
75328,837,1600000
5889,264,0
1198,52,38000
999,156,11000
12726,2039,828000
83,27,1300
38654,1000,459000
681,9,47000
55313,2159,19000
1415,84,2600
3281,410,15000
21292,994,48000
1920,52,78000
29335,556,957000
2316,53,78000
3359,190,9700
2604,48,134000
7642,329,216000
33178,994,2500000
3896,83,78000
11068,713,137000
6808,100,100000
1476,26,119000
8702,312,27000
209,149,0
88338,5133,13000000
92,16,128000
5475,301,724000
27482,1711,3000000
165,10,636000
224,103,114000
74,8,1000000
56338,2279,208000
136636,5019,7300000
61083,5637,7600000
8747,490,62000
57006,10410,8900000
6100,5552,2300000
569190,37506,1200000
37034,4459,1200000
79098,4011,13000000
70667,3332,13000000
118098,6350,13000000
12806,1123,41000000
37434,3551,3400000
208,22,385000
80482,6322,13000000
816,130,88000
18,2,2900
30636,3453,8400000
18432,2446,1100000
45635,3816,229000
1184,29,5300000
735,22,393000
5379,43,1400000
6782,165,103000
223041,20791,184000
156878,9019,1400000
31533,2132,41000000
58679,8862,4700000
8043,777,41000
10541,880,4700000
268,16,0
29181,1082,626000
4240,41,713000
7116,854,23000
6652,440,344000
104,9,1400
31687,931,713000
18527,688,31000
80660,7465,3500000
1284656,39028,3500000
102515,1542,6400
290682,5071,10000000
6011,494,124000
46693,327,9800
58784,639,6300
27919,94,3900
8425,311,25000
10083,601,1900
420350,17910,3500000
309962,27111,121000
93063,3066,3500000
52029,482,1800000
96418,3124,17000
143886,9383,520000
2023,71,20000
2838,31,261000
16639,1503,4400000
28848,728,213000
6793,118,3400000
745,40,174000
828,24,299000
4021,303,226000
6773,288,171000
159,13,25000
1642,29,534000
17622,2179,41000000
160,4,19000
1369,23,85000
618916,25615,9100000
2425,87,303000
8846,777,700000
61011,4138,984000
3764,59,503000
1741,34,394000
13,4,0
430,57,0
26,4,1000000
36,1,1000000
4,2,240000
110,5,1000000
3660,88,217000
516,10,126000
17988,1404,20000000
13186,170,1600000
72,12,160000
14,0,64000
112940,5151,20000000
3332,157,1800
11911,724,20000000
1293,11,745000
2003,36,17000000
2930,9,90000
13272,929,371000
1082,14,422000
5740,157,20000000
104,76,532000
45,4,160000
273,128,0
18945,188,1500
667,35,282000
3470,139,41000
19075,365,2000000
267,27,1800
545,154,1800000
138,24,22000
14,18,2100
110,17,0
330,0,1500
8860,864,979000
2071,776,5000
71636,828,3500
42019,187,0
83,7,9200
10,3,2900
197,47,282000
235,194,226000
21326,635,929000
63785,4545,197000
16184,675,6900
58833,705,527000
45528,721,726000
20590,1723,286000
39051,1942,892000
3356,131,0
46213,1432,892000
28997,583,1700000
243,8,0
10356,372,929000
5870,173,929000
14467,837,17000
43,2,43000
373,14,1200
4,1,0
2439,22,303000
2648,38,229000
30702,2747,229000
1717,17,84000
1068,20,107000
509,6,856000
14189,309,78000
594,8,198000
579,5,72000
519,6,159000
237,6,93000
47004,1558,159000
237,0,49000
12418,56,339000
293,3,27000
123,0,23000
141,0,3000
1182,46,3000000
24,0,8200
184,70,5800
18972,4036,1600000
61,0,140000
7946,1484,1300000
392,57,5800
2838,473,2100000
5076,817,194000
27889,3466,1300000
29108,1257,361000
69,0,177000
299,3,28000
341,16,18000
33285,8310,1300000
11070,1569,1300000
30691,3944,1300000
8972,1273,1500000
39,1,112000
205,29,305000
3832,566,140000
425,24,7700
20774,2236,9900
18885,2623,139000
135273,7956,12000
1654914,71344,556000
13469,1638,1100000
1882,41,273000
4979,333,3500
1633,252,608000
1901,329,7700
4650,155,139000
21388,5399,66000
45217,2092,7900000
9903,1010,30000
434,8,1100
564546,83230,710000
2407,125,39000
25,5,30000
100061,9834,1000000
9136,452,216000
674,30,271000
1704120,86499,11000000
199403,7580,320000
417202,25697,4800000
83080,4081,140000
514,9,40000
20583,8164,6500000
1534,135,56000
10600,380,17000000
901,31,527000
749,68,56000
2304564,116484,11000000
1621947,78097,11000000
766,140,56000
1246,135,56000
781,110,56000
573,69,577000
33306,570,3000000
15619,302,11000000
127908,8904,7300000
147150,1577,18000000
14689,526,2300000
26339,1253,3200000
14276,359,633000
10096,141,1300000
19600,1951,7600000
23232,1348,466000
39314,996,3000000
90281,21868,150000
97072,2491,11000000
236912,81096,2500000
1507,41,318000
84616,949,10000000
51326,997,3200000
7235,533,2100000
24481,550,633000
76294,3138,3000000
378,117,72000
6349,1973,17000000
7382,2322,2100000
34338,15449,20000000
5,1,77000
13,0,413000
42,5,413000
11,3,413000
10,3,1000000
1412,95,1300000
805,114,1300000
3019,270,1300000
38,14,626000
4989,1615,13000000
220,84,199000
3984,251,10000000
45943,4181,3700000
59108,23852,17000000
21603,6442,17000000
5746,1680,17000000
1063,42,354000
7762,2591,6400000
6133,2212,1300000
14495,5252,17000000
26396,749,593000
2362,118,5300
651,69,10000
5027,157,2100
7437,1075,608000
16297,193,618000
29765,653,8500000
57488,1126,76000
33666,1206,5300000
22544,672,320000
5494,190,1900000
2119,78,0
33,0,3400
36542,1361,4300
27031,1218,1000000
19108,2742,5400000
11020,271,5300000
565,17,1700
379,21,10000
11708,104,1500000
16567,142,1500000
43462,303,1500000
850,21,0
40824,427,1500000
16970,157,1500000
20266,247,1500000
29266,447,1500000
70860,678,1500000
23310,341,1500000
31012,605,1500000
16674,242,1500000
20879,188,1500000
23616,613,90000
1318,26,45000
189,5,0
42568,809,1500000
1,0,36000
32767,8131,39000
2864,398,38000
41,0,38000
5954,92,235000
402,18,33000
3640,322,4300
68,7,38000
3656,94,717000
195,0,13000
63,5,38000
2477,361,38000
18607,4466,32000
181,40,3100
492,62,38000
804,76,1800
1260,166,26000
144,13,38000
384,44,38000
295,15,4300
116362,5029,1300000
26,6,1100
2641,353,426000
98626,7245,763000
28440,2021,1000000
11900,1043,426000
21662,3684,1000000
1805,109,426000
276,10,1000000
216,7,426000
14777,1225,426000
15783,1279,1500000
81,3,426000
6699,201,89000
11924,998,56000
470,23,426000
1146,97,1000000
2623,31,451000
33043,1843,305000
173,3,158000
51659,1175,261000
14399,10012,53000
23,1,30000
395,12,32000
397695,9901,5300000
1837,62,618000
129,140,106000
35575,3787,19000
4117030,256849,23000000
19381,1022,793000
89,6,42000
694,28,82000
7006,2116,3200
6628,336,603000
1751,29,448000
1,0,0
96,35,0
2928574,163956,21000000
306311,87993,2700000
647857,75350,1000000
161381,5900,32000
678,161,7800
386,25,2500000
80634,24857,380000
3965,1377,187000
1541,63,19000000
6566,592,211000
5653943,415208,10000000
3315251,80757,23000000
3006992,147134,19000000
15038,1645,2700000
70333,3731,281000
2114,903,0
36240,7399,326000
331237,64491,1000000
20702,2710,1000000
15712,2796,2700000
1386,220,1000000
160276,16517,797000
47998,709,156000
88755,19835,1000000
60415,8793,2700000
9723,702,339000
10562,3514,0
254965,94519,2400000
604,122,12000
251598,23268,488000
260515,4421,4800000
45551,5146,797000
346604,54034,1600000
5512,40,1200000
177114,15047,125000
13061,1920,2700000
24300,3215,1100000
13694,2635,2700000
35,3,566000
74,5,1000000
17,2,566000
56,0,785000
103,0,1000000
14,0,16000
2,0,16000
14,0,353000
988,76,797000
374673,16397,4900000
1606,151,2500000
66360,5138,339000
46897,5398,1100000
46917,2366,360000
5512,40,1200000
803,49,2700000
44686,1917,797000
78891,1739,1400000
55637,10184,205000
14362,5146,23000
1952,1545,96000
103,13,35000
42899,2684,20000000
192,68,17000
12050,643,339000
1625,161,12000
227352,14251,1500000
48391,2265,67000
4064,91,20000000
223,22,2700000
159112,8109,2700000
139873,38661,191000
120,3,158000
1898,381,966000
217,11,92000
255231,5054,3100000
100,64,69000
397695,9901,5300000
150367,6737,1500000
345678,11055,1500000
225603,7140,11000000
46,2,0
4325,185,83000
3086,585,46000
47408,1162,10000000
55,83,69000
1570035,59844,1700000
28096,1476,17000000
112930,3530,38000
215,4,1300
10855,175,54000
19510,1152,46000
798,47,188000
48962,1001,9800000
6837,485,145000
24641,258,126000
10497,513,11000000
138,6,31000
744650,38265,17000000
432741,11162,8800000
65515,726,2900000
24026,950,62000
47137,1696,138000
9003,109,101000
690,9,10000
12583,297,159000
666,84,657000
20351,255,170000
9805,235,88000
2545,42,7900000
35928,356,7900000
25326,502,6400000
32767,604,482000
64,2,9700
1156,149,0
2050,38,3900
1757,69,0
1010,118,4100
6389,394,10000
4976,255,11000
163288,2336,276000
5008,321,1500000
10,0,109000
28,1,93000
979,28,567000
173,15,4200000
101,12,4200000
5932,260,4200000
737,33,4200000
140,23,4200000
0,1,18000
16865,603,78000
173,15,4200000
202,91,20000
1363,17,312000
47,3,4100000
110,4,15000
101,12,4200000
3911,41,787000
10592,406,78000
763,5,141000
277,13,145000
800,11,124000
758,15,46000
6522,238,528000
156,7,112000
69,5,112000
84,3,20000
144,1,826000
284223,18401,77000
241688,14234,3200000
13606,1410,3200
48547,8256,925000
120343,3418,6600000
12471,183,884000
357815,14905,31000000
46239,2301,16000
676,177,532000
18421,3978,12000000
674,10,1600000
571102,35361,475000
605847,56594,925000
254442,13972,925000
6901,293,1100
1451,55,318000
291003,7607,598000
95179,4482,729000
120758,2076,15000
110338,1400,9800000
20561,421,157000
1680,64,82000
962,101,261000
56079,2057,189000
17676,1825,173000
157732,1950,9800000
1635,66,248000
18573,410,7700000
31506,1778,87000
287039,6453,47000
79667,1308,4500
60416,869,3900
111715,777,9800000
17513,80,248000
6,1,2900
64881,5530,87000
167722,19420,1100000
227,21,1000000
12,6,16000
25,0,786000
61,2,1000000
8,0,16000
145,55,5300000
15,3,1000000
38,6,559000
170195,16963,825000
139232,10065,188000
157155,4686,201000
59370,6188,96000
20679,2230,188000
6279,502,42000
12245,1238,188000
52450,6591,42000
83427,7888,173000
50452,5675,592000
9453,52,5200000
29771,2732,26000
21906,1649,1100000
65761,5911,592000
468,56,13000
14217,466,3700000
6795,120,227000
44149,1088,32000
2663,245,227000
13872,365,11000
523,14,1000000
9325,80,471000
5025,35,562000
321,13,7900
26224,1002,3700000
18996,604,3700000
86442,5133,3700000
57036,5158,18000
2733,124,107000
465,10,16000
700,46,837000
7592,405,43000
3656671,162582,15000000
1573074,45617,4000000
448387,15369,15000000
275250,3470,107000
12675,1046,88000
176,10,273000
303,28,273000
2355651,71843,22000000
811,47,977000
10147,155,469000
355,0,46000
417606,17873,15000000
883362,21023,15000000
98329,1128,1900000
127,6,615000
3261,60,282000
26347,309,3600
150,45,150000
629,13,138000
3786,46,418000
2607,125,2100000
52,20,240000
84,33,523000
1,0,98000
1874,17,524000
5220,47,744000
1190,25,138000
1060,18,44000
861,15,20000
271,4,22000
361,1,110000
1579,30,56000
3652,79,1100000
278,7,40000
957,15,161000
267,0,598000
9772,98,418000
1899,77,533000
4213,157,169000
536,10,29000
120758,2076,15000
110339,1400,9800000
20561,421,157000
1680,64,82000
962,101,261000
56079,2057,189000
17676,1825,173000
157733,1950,9800000
1635,66,248000
18573,410,7700000
287040,6453,47000
79668,1308,4500
60416,869,3900
31506,1778,87000
111715,777,9800000
2325,62,173000
6,3,2100
594,89,194000
127105,2749,5500000
39942,1519,12000000
109177,1491,5500000
6016,879,3500
22544,4814,66000
12084,5340,66000
82236,1015,832000
63740,3144,5100000
8433,532,176000
96183,12717,935000
215,52,13000
52263,4283,2400000
59,16,3400
2331,206,194000
187455,10628,5100000
56351,2302,9600000
320010,8739,6500000
603506,23616,365000
23405,347,742000
453654,51599,7300000
500017,10507,2100000
2211814,132518,7300000
14115,1317,3700
1042890,22010,344000
260819,13650,1800000
1325365,67472,1300000
17831,644,1800
289242,8078,6500000
187624,4082,6500000
344924,13378,6500000
2417,61,145000
181523,8918,795000
8134,1041,944000
19464,1024,795000
588782,49298,2100000
139233,10065,188000
417962,47971,1100000
6447,934,764000
171196,16592,2900000
14709,1278,39000
55736,6542,374000
66828,7666,486000
79977,7837,1500000
18275,3014,764000
84473,6361,1500000
441,16,1000000
56373,4944,1000000
347,11,49000
6719,376,3600000
44669,2616,37000
128530,1921,6300000
11439,914,7900000
2414,113,1600000
21958,1071,163000
236,22,134
778,58,272
14984,404,2500000
4033,82,421000
1708,42,9800000
4001,149,1200000
1026,92,14000
12096,199,1700000
432,10,49000
4196,149,3600000
19246,520,1700000
7216,56,2400000
5887,380,17000
1791,390,502000
598,22,362000
86,4,4400
739,36,828000
265,8,22000
2612,135,519000
25,5,233000
2324,91,77000
66128,9386,1100000
2505,141,519000
3118,514,13000
4916,743,8000
2131,266,359000
321613,5140,893000
83,15,663
192,66,68000
539,141,491
11,2,540000
10002,853,20000000
784388,8514,5600000
3566930,83387,18000000
1773,71,1300000
20146,656,1700
463556,13596,514000
2479,133,568000
529,4,416000
1376335,43754,5600000
565035,11335,5600000
684013,45740,5600000
6086,1095,6100
5277,1590,718000
631,37,22000
3540,30,188000
6158,46,2900000
16508,995,197000
180,8,901
732,68,248000
1928684,111150,2100000
172088,18036,1700000
1975193,26902,22000000
1908970,209535,3800000
471084,40807,1800000
51593,2712,13000
786268,20200,88000
852037,22125,22000000
96293,2735,205000
762,21,677000
74177,2025,2200000
307133,7661,4900000
1181904,143978,11000000
5480698,401786,28000000
516744,24263,94000
231659,21613,1800000
517957,32688,99000
32553,2071,4200
794,2,707000
22718,479,2700
11442,291,10000
55672,2449,6600000
20044,70,1600000
542343,21685,1800000
11372,230,1700
531470,12919,21000
127,18,825000
20289,736,3100
7293,113,34000
101789,685,1000000
55650,2387,11000
24712,630,214000
175546,3708,16000
48847,491,1900000
185522,4334,26000
787,33,38000
144,8,24000
6896,172,787000
7200,94,14000
24140,453,780000
17961,302,839000
8380,344,20000000
4308,274,1400000
129078,2331,4400000
862,24,306000
20376,425,5300000
2591,83,966000
4816,187,30000
3411,63,282000
3112,75,787000
3696,115,787000
44246,658,44000
527,8,94000
184,25,9400
4632,339,859000
4898,641,2600
1931,136,373000
4391,382,373000
601,33,373000
5524,277,1800000
9030,339,7000
350,50,1500
11417,179,893000
51474,583,17000
270,3,32000
46,4,29000
44504,4952,20000000
16783,547,124000
137411,13302,6400000
188490,9698,5800000
3423,491,373000
30021,1004,780000
137,7,1100
546,48,107000
12373,708,324000
3579,102,23000
347,11,49000
6719,376,3600000
44669,2616,37000
128530,1921,6300000
11439,914,7900000
2414,113,1600000
21958,1071,163000
236,22,134
778,58,272
14984,404,2500000
4033,82,421000
1708,42,9800000
4001,149,1200000
1026,92,14000
12097,199,1700000
432,10,49000
4196,149,3600000
19247,520,1700000
7216,56,2400000
4879,144,2100000
810,208,4800000
137,27,279000
127,55,523000
8132,2208,3600000
12,16,240000
104,13,1000000
255,77,960000
2381,130,2100000
675,68,2100000
33,35,663000
116,15,302000
36,21,663000
646,3,285000
56,116,388000
841,27,7300000
421,70,5300000
57,8,414000
510,172,336000
6,2,65000
657,116,3400000
562,94,140000
529,859,921000
8859,94,771000
26000,2297,19000000
5052,864,659000
43,18,336000
9526,798,373000
97,26,23000
6733,251,4000
54,22,980000
33453,1583,96000
3781,301,50000
1289,23,62000
1260,12,82000
274,6,13000
99,3,4900
25,12,302000
9604,2017,3600000
11968,132,407000
7245,648,359000
1873,135,50000
83,6,100000
1060,124,621000
48,2,557000
433,16,23000
24373,2427,247000
4254,401,107000
8792,609,3400000
9248,200,12000
19,8,635000
248,5,3500
2931,53,766000
1882,70,460000
2000,107,50000
5336,342,499000
13,6,540000
1009,127,17000
63,1,13000
148,1,4300
162,4,64000
4,1,8250
2318436,203415,372000
410763,56397,4300000
156844,7577,26000
63,5,3000
82,2,15000
9953,184,1400000
224028,12776,54000
8124,1139,137000
29535,4178,359000
37863,30362,3600000
868,79,786000
1267369,56040,372000
657570,91614,372000
143742,4048,677000
5808,153,827000
1167,395,1000000
336,13,20000
81,1,6600
2000,107,50000
941,115,869000
1659928,52096,537000
3709,152,522000
9036,838,460000
1119,41,5800
18887,335,621000
228,1,350
646,14,4300
33,4,8500
4802,307,499000
46689,3121,138000
15644,1654,1700000
30213,3913,869000
23,3,2200
125234,5735,537000
8577,227,638000
102842,2126,537000
731,29,19000
1018,42,527000
1,0,54000
1,0,54000
1,13,54000
194,3,196000
718,96,146000
35,1,213000
6,4,213000
24,4,663000
15,23,635000
11,14,213000
6,1,213000
24,2,285000
175,6,3100000
24,4,663000
4,3,20000
56,2,557000
46,4,635000
272,16,11000
9,1,285000
80,2,441000
6,4,635000
31,0,635000
2092,171,146000
41,6,635000
23,6,635000
307,18,3100000
25,7,635000
426,31,233000
372,7,3100000
56,3,2700000
36,3,210000
954,45,3000000
9,0,663000
37,0,663000
86,10,635000
23,3,663000
18,0,663000
7,2,663000
1602,20,1000000
2198,197,359000
116,7,1000000
62,1,2700000
538,27,1300000
16,8,240000
495,152,2100000
10,0,240000
30,5,559000
9,11,240000
44,3,414000
187,32,980000
50,6,557000
930,145,146000
2,0,408000
35,9,635000
12,1,557000
11,0,150000
1003,38,544000
758,50,939000
2,6,319000
2,0,635000
3,4,262000
187,13,3100000
733,52,3100000
34207,3164,359000
750,46,544000
132,9,50000
893,64,3100000
142,5,230000
789390,29242,572000
1133057,17298,16000000
50,12,414000
47,13,523000
820,117,5300000
10,0,240000
41522,319,1900000
186878,8048,1100000
63094,3674,39000
23000,137,1100000
10056,388,85000
12587,362,819000
20563,329,1800000
1010,49,12000000
56066,32196,2500000
9802,150,955000
94546,1875,178000
1107551,41443,6500000
560773,13421,572000
128524,12822,601000
11015,223,819000
18021,609,819000
10347,178,144000
1,0,45000
48571,3740,1100000
11172,1976,373000
2309,15,155000
68,48,1600
8892,165,105000
100,8,397000
174267,4575,570000
713,480,382000
239,28,228000
44,8,10000
130,24,391000
135,42,181000
1495,227,752000
167,24,14000
75,24,66000
112,6,81000
51,13,143000
6648,208,2700000
3050,362,213000
21096,910,10000000
5267,273,579000
1312,204,31000
57736,7565,579000
1208,43,627000
233,13,31000
384,13,106000
1794,188,19000000
364,37,27000
10835,448,2700000
13123,492,2700000
17140,321,2700000
826,201,77000
14090,252,1200000
2551,470,2700
373,8,7200
151,66,4000
150803,1348,2500000
28528,6222,295000
19167,239,799000
92775,3278,13000000
133728,61638,7100000
17913,433,20000000
80489,33940,7100000
195997,1472,2500000
70144,8673,1700000
188495,3552,2500000
13848,945,817000
314606,4991,2500000
235,5,464000
8446,64,1800000
1810,34,360000
3817,94,2600000
18138,8060,1800000
1665,31,1500000
1889,43,1500000
1654,40,1500000
2325,53,1500000
2490,34,1500000
1244,24,1500000
2430,52,1500000
1781,40,1500000
1946,35,1500000
4235,124,1500000
1364,75,79000
2325,53,1500000
4927,144,1500000
2490,34,1500000
2430,52,1500000
4235,124,1500000
5284,101,1500000
2871,54,1500000
1781,40,1500000
13134,96,977000
3064,37,1500000
143451,10104,2100000
7339,488,1500000
13026,1207,678000
1885,39,1500000
5342,162,1500000
1639,31,1500000
3587,78,1500000
84368,1818,1500000
62750,1383,267000
848487,29652,31000000
68646,1299,267000
277900,12009,216000
2361,48,9800000
1035,45,2100000
4,1,98000
2,1,98000
1,0,98000
6,0,98000
2,0,98000
1,0,98000
45462,663,267000
3945,613,5500
42021,545,267000
4414,164,31000000
14473,233,267000
734,761,11000
241759,4528,27000
6252,378,508000
59429,2079,267000
129413,5483,737000
1292136,66787,713000
11575,132,11000000
25508,383,181000
1016634,42498,6500000
64688,3707,433000
444948,36252,1800000
11345,589,114000
119058,4344,1400000
2434,122,114000
16900,914,213000
601599,23904,345000
128,6,615000
86529,2067,508000
446,32,615000
56213,3373,615000
45994,2682,115000
37110,2504,28000
8755,1665,189000
6391,112,766000
1642,12,45000
15,5,2600
32,6,2600
407,82,7400
195,47,86000
7,0,2600
495,69,1600
155,11,5400000
6605,236,460000
627,32,577000
241655,9529,19000000
206,35,3500
10,2,453
3381,491,2700
4920,88,838000
420,161,74000
183,23,7400
104683,7132,10000000
119254,8602,10000000
55331,3570,11000000
3669,13,270000
150175,8493,10000000
22,0,5800
152645,11226,10000000
371447,4555,759000
29079,3460,5400000
652,49,348000
2058,310,2300
442,8,101000
179033,28829,10000000
28310,1678,289000
5560,107,571000
341857,48982,10000000
47469,514,9400000
105291,5974,10000000
165,0,72000
127,0,1100
604541,32273,1200000
1433,93,6800
24044,1067,10000000
626,9,101000
3056,733,118000
238,29,83000
40,0,1000
322,6,7800
858,48,37000
536,22,9700
388813,14761,1200000
11280,498,3700000
176720,5925,1200000
41788,2326,6700
200088,7198,1200000
346634,13275,1200000
394,7,259000
143971,23789,849000
6501,1263,50000
8532,1344,348000
795,14,79000
188,18,54000
7954,330,1800000
2377,37,93000
921,19,131000
7235,163,147000
8931,376,180000
10004,244,3400000
1860,103,39000
8685,1224,327000
24823,2075,10000000
319,7,92000
1478,286,407000
4576,169,212000
33055,2868,5100000
88,1,2900
55897,25587,7900000
29164,14609,2900000
4753,85,212000
6060,1420,26000
27992,7768,718000
3008,1142,718000
2667,264,980000
2642,202,7800
68517,40233,4600000
24645,11860,12000000
253,56,191000
10110,329,5100000
137,12,145
10137,4318,2900000
109315,51912,2900000
33946,17011,2900000
73023,2237,7900000
438,18,69000
16,4,762
112,18,1000
1461,86,68000
333,12,1200
582,28,68000
15906,757,777000
15431,251,391
224,5,4500
642,72,348000
400,22,68000
215,3,4800
162,6,68000
1421,110,68000
9602,271,68000
1236,90,68000
441,23,1200
336,13,41000
411,29,65000
86,19,467000
380,7,28000
9355,594,2800
415119,62546,1400000
3589,277,7700000
1844,155,7700000
2588,200,7700000
2074,159,7700000
5206,329,7700000
3729,315,7700000
578,61,5000
80489,33940,7100000
7346,289,11000
24837,229,866000
13264,1646,1900000
2009,12,69
682,8,30000
19767,2446,5200
76389,5912,1400000
140721,19090,1400000
13905,134,19000
21223,2336,7700000
159823,21708,7700000
58711,17848,120000
239928,8343,30000
718744,6709,16000000
687869,17050,2500000
200980,675,16000000
39598,2639,65000
292623,11200,12000000
84924,2534,11000
9450,101,23000
207304,4233,1500000
276960,7383,87000
2609,38,564000
416,4,8300
349336,14818,82000
141316,5237,82000
299759,15026,78000
25665,519,17000
73154,3344,25000
173630,7790,220000
983,5,2500
1171017,24556,19000000
102698,2362,2100000
110405,5749,6100000
77441,1949,1800000
30428,937,6300
10057,352,3700
7112,150,876000
157,2,5000
2995,14,38000
32814,811,5800
86310,1497,19000000
3798525,98811,19000000
5706225,134415,19000000
1906016,42818,19000000
20332,213,141000
52234,682,1900000
2562,100,1300
98408,1936,2100000
340,16,100
693,9,3300000
63,0,56000
3001,406,1100000
5965,298,265000
184,27,1100000
17181,1856,27000
46969,2819,2300000
108605,15193,1300000
5827,468,9600
5156,197,188000
8296,344,19000000
1227,154,1100000
31,7,851000
3579,80,25000
79,1,330000
2191,81,452000
1432,76,702
98961,10394,9200000
19010,639,2200000
150005,2713,11000000
137564,5317,6100000
1314,264,5300000
84,10,1300000
228,82,5300000
3,2,9800
3195,37,816000
288418,11135,258000
8393,146,3100000
2518,66,1900000
309175,46618,2200000
167161,2230,5400000
1939,88,1000000
67514,4936,2200000
3879,642,6400
7965,1662,70000
8314,110,473000
61510,1029,6100000
2254,101,2700000
23066,3131,1100000
95974,5575,317000
63868,14097,579000
23,13,413
41238,1073,16000
391,40,265
20278,399,16000
788,12,168
10757,246,16000
788,42,1100
2540,86,787000
5571,850,862000
10844,414,853
228,63,469
2427,184,273000
127,1,2400
8828,172,189000
4270,66,173000
326,19,300
2139,82,602
1685,38,197
150,29,4800
3290,247,1500
16737,3962,291000
769,66,14000
449,67,157000
6031,86,3300000
458,35,70000
15593,7145,407000
40804,9445,2200000
152,67,630000
19688,1735,445000
8560,458,30000
1382,667,44000
129,27,11000
434,20,2700
12185,713,19000000
3010,1314,2200000
5673,305,306000
559,26,186000
5631,358,4400000
6246,205,306000
26558,698,8500000
6555,120,280000
46393,1213,8500000
1226,14,33000
44246,658,44000
12747,236,215000
906,25,6300
153,1,500000
7762,378,306000
21103,743,306000
4318,306,306000
203,13,4400000
170,5,261
234,3,52000
3725,22,1400
113,12,121
269,64,559000
7,0,54000
15,1,559000
24,4,960000
70,6,786000
54,3,1000000
14,3,786000
12,5,279000
18,4,960000
25,1,414000
66,13,15000
2154,106,1000000
16724,510,3400000
75,32,408000
262,38,1800000
3628,255,528000
1168,122,459000
4,6,663000
32,20,176000
9,1,408000
669,25,386000
36,9,635000
9,4,408000
1091,24,347000
4392,129,528000
998,35,43000
228,28,1800000
57,4,129000
174577,5174,17000000
334,52,51000
713419,28151,16000000
103,120,84000
13,0,4900
38,4,11000
2,0,5100
88668,4148,11000
128940,4813,128000
2636,52,991000
6221,332,181000
13066,202,16000000
1023,41,333000
264,15,583000
278,14,229000
10,2,200000
124044,2016,17000000
103385,2870,17000000
108499,3573,17000000
81294,1257,181000
282,14,604000
395,183,1700000
789,46,25000
83,34,1000000
13,1,557000
43,7,285000
24,2,557000
54,21,285000
16,5,872000
502,22,3100000
5405,39,595000
44,3,99000
1,0,650000
147,29,2700000
83,8,230000
189,12,285000
40,0,285000
8886,2541,243000
39,12,663000
78816,8494,8500000
66,12,230000
178529,4991,2000000
45387,900,2000000
1810,227,669
156988,7053,389000
46139,991,102000
26863,487,2100000
6445,163,2100000
9810,498,14000000
2174,23,2000000
57276,8060,2300000
122678,2932,2100000
16057,631,1600000
28010,1141,8200000
103456,5131,8200000
55280,1096,6500000
2658,125,66000
21141,772,10000
10647,373,1500
18984,940,7400
22780,946,96000
3118,62,1500
10698,243,4000000
49494,1763,135000
7,0,240000
117,15,523000
2,0,6800
1072,24,1400000
163722,1528,7300000
126817,2555,6000000
393160,5082,35000
2965,37,9800000
154656,8023,35000
87400,18689,1000000
63784,2188,6600000
14646,745,7100
26577,1546,22000
16683,738,23000
32056,171,736000
14832,279,2400000
30121,5272,12000000
965,41,268000
27720,3849,41000000
585629,11464,587000
89423,3173,17000000
10119,236,44000
4157,46,79000
119334,3741,13000
1334,44,130000
104,3,29000
82098,3185,8900
17739,1276,275000
190335,12985,133000
42107,741,1600000
160021,4948,34000
41537,486,587000
201411,6144,587000
235305,11109,10000
33900,967,490000
125067,20839,1500000
226331,4968,258000
24191,858,23000
3212,71,21000
4709,371,2900
35018,3552,31000
1831,95,2700
128468,26974,12000000
359,11,39000
8122,139,1000000
2499,291,3100
2122,222,11000
22353,296,1400000
59,0,41000
1720,113,30000
198,0,16000
5323,75,635000
84,22,1500
17553,310,530000
1599,99,13000
166543,15356,5800000
6865,88,2100000
723,24,1300000
220,52,68000
847,190,68000
191,1,22000
43403,731,137000
19308,5328,185000
1549,32,56000
15283,1195,395000
566,111,6400
4790,135,529000
40194,774,514000
20525,681,1000000
345,2,23000
143361,44138,6600000
2177,81,681000
48701,2336,41000
79260,751,533000
15,4,50000
1044126,40191,596000
36890,5238,566000
178156,42011,415000
792,16,417000
338295,87506,4100000
151,11,176000
384641,3909,10000000
396051,2470,235000
654,5,195000
241,26,137000
230340,18270,4300000
107264,6354,2700000
5,2,84
34664,810,6500000
4824,60,524000
283426,18760,2700000
5743,150,764000
81,19,60000
1001,105,1200
11,0,696
170,45,43000
31,24,1500
614,174,4400
360,77,469000
74765,2915,6500000
67923,2219,6500000
114901,7685,6500000
159,12,15000
200,27,3000
275,34,43000
1372,155,557
204,32,172
4858,152,2200000
4010,185,2200000
20174,154,2200000
73436,428,2200000
1578773,39526,4200000
773751,41632,10000000
82600,1035,2200000
73709,1462,6300
365127,291294,2500000
114559,4677,160000
89678,1618,2200000
43993,1085,598000
80726,572,2200000
82707,1493,2200000
341668,191822,1300000
266,38,3300000
12068,625,19000000
6270,142,564
111,14,3300000
12578,351,36000
12195,211,30000
6374,77,362
7795,200,26000
5170,107,8000000
8911,310,1300
11953,292,19000000
5596,105,844
1934,14,244000
2616,67,78000
2804,52,921
2280,55,950
222,5,138
434,14,60000
14,7,2800000
163139,5725,17000000
812507,20675,2000000
7397,196,19000
126078,4157,21000
63057,2575,44000
3968197,151995,8700000
29087,1699,9000
5085,20,986
35826,542,22000
2542,82,347000
371,14,169000
9892,43,2800000
71829,2876,17000000
79145,2872,17000000
392200,25013,3900000
1827,19,986
63514,1267,9300
21921,456,107000
10165,274,742000
111425,4118,292000
11,0,103000
34,4,61000
826822,23375,7700000
115927,2476,9500
133,20,143000
924,21,76000
39063,1643,7700000
286,16,10000
225,3,111000
146,9,17000
4112,202,8400
30277,2747,494000
287042,6452,47000
1678636,18415,7700000
56613,1122,157000
101,3,15000
441,4,31000
49222,1567,2500000
489253,15574,11000000
1013,239,1200
105344,2497,2500000
18083,965,3700
61629,1991,10000
36039,923,2500000
6337,182,8700
1061,114,529
12633,433,2500
93990,445,10000000
16218,460,2100000
6772,136,1400
910357,37646,1300000
51124,3561,12000000
27570,14059,6100000
552,22,127000
5779,951,47000
693,33,127000
243125,7124,13000000
24,1,127000
131,9,127000
100,7,127000
28801,4098,19000
3227,199,1200000
768,47,127000
12135,731,2100000
806,24,193000
34926,4951,1100000
1813,42,28000
1127,88,279000
18851,1792,962000
3417,151,2100000
15180,150,1000
6636,266,7700000
111707,1506,11000000
1543,74,58000
228022,8841,2800000
4123,469,8600
8953,97,404000
8935,44,1200000
21479,64,9500
17188,2812,8600
14767,119,11000
29813,538,5900
287042,6452,47000
22839,375,6500000
4052,288,561000
51955,2356,2800000
6585,492,268000
102438,2848,1200000
5630,578,306000
15322,784,787000
24103,466,6100
2664,359,2200
9252,811,7900000
15854,632,62000
143648,5176,488000
1251,37,203000
6705,346,44000
8768,340,4400000
3344,228,2700
28962,2990,52000
12637,191,266000
15427,640,1100000
8774,515,201000
53670,740,3200000
12071,66,258000
147,0,1500
81044,1221,78000
13013,425,8200
200202,4905,26000
3994,94,870
3882,66,1900
2459,127,11000
21181,556,19000
12182,278,2000
107474,3452,128000
4292,150,36000
2608,93,21000
2098,78,82000
4017,217,3200
4482,113,4800
21306,385,8500000
128147,8934,17000000
1124,63,35000
1730,65,3800
16076,292,8500000
738,37,66000
11014,177,8500000
1950,69,41000
556,15,16000
907,14,2200
705895,19506,3900000
1857,30,2300
45847,763,8500000
14906,309,8500000
19307,286,8500000
9503,134,8500000
1499,24,746
914,66,286
7217,108,1100000
49099,1714,609000
1228207,47222,326000
3699,66,144000
492,23,10000
864,25,203000
240600,3716,15000000
594,95,1900000
1701,51,6600
3360,83,5900
371888,7133,15000000
939,41,2500
84708,3757,434000
33703,1478,7900
838766,36165,366000
1659970,52098,537000
745033,11760,15000000
230,0,105000
172585,4668,185000
387,25,13000
266402,6282,185000
778,46,186000
373,76,11000
272,46,506000
399,23,4400000
502,41,6100
570,26,200000
251,19,332
938,23,787000
220,8,61000
179,7,4100
584,11,186000
118,6,18000
842,59,506000
196,11,75
356,18,24000
34,0,5100
145,6,18000
43,2,228000
23,0,11000
1808752,34737,14000000
18761,454,8500000
12161,642,31000
28099,566,1900
606,24,93000
1010,48,97000
1453,54,1800
381,26,186000
71881,2032,23000
12818,1290,59000
1321,47,9100
3891100,103014,14000000
2606831,78675,14000000
1174746,17241,14000000
5913,310,20000000
18472,3492,19000000
11204,235,176000
242,7,76000
1097,67,519000
877,54,663
121,3,15000000
1972,20,105000
913,148,76000
3928,2264,3100
370,24,291
11150,276,427000
648,112,21000
1307,39,1700000
2519,32,974000
446,25,15000000
459,27,180
1066,42,15000000
111,7,113000
127,15,34000
67,5,10000
7978,136,7900000
71313,2615,330000
1212993,22657,9000000
2380,127,1200000
48077,108,1000000
460315,3515,14000000
73453,3606,7200000
6596,85,15000
1063,19,487000
41579,289,14000000
31836,84,1000000
83093,3016,30000
14411,361,1300
89892,3233,8500
606451,16322,441000
39794,61,1000000
16586,1385,2700000
264,4,770000
135307,1004,412000
110393,1511,68000
463,19,438
24041,304,14000000
136,7,412000
207,6,438
577,46,2100000
172,20,1600000
1327,8,458000
115,5,100000
1609,11,100000
60003,1831,14000000
10809,201,435000
3943,173,32000
465,17,100000
12631,308,6400
149,1,438
839,10,4400
109,2,438
651,26,100000
8,3,11000
12,6,232000
58,0,7200
666,49,52000
19,2,32
10,5,374000
40,10,34
259,14,8200
42,0,104
2325,336,1600
544,92,124000
1276,98,116000
30,1,43000
30,3,12
0,0,32
199414,912,16000000
272706,12627,15000000
2773,406,13000
2397,18,13000
1098,11,13000
13269,41,3600000
633,7,213000
3924,36,13000
2292,8,41000
550,2,16000
749,6,16000
3592,6,950000
17234,581,4300
19235,64,2800000
717390,12598,15000000
267,5,16000
552,6,16000
8253,26,5400000
42356,1176,3300000
10099,1735,4800000
678,46,70000
455,21,83000
29539,9573,6400000
16,0,7500
31321,9200,2800000
117,0,4200
45976,1291,91000
133236,4368,822000
1058,38,166000
1511,14,82000
563,28,61000
7651,1240,6100000
34573,5363,10000000
754,47,1700
10,0,2400
1824,2187,117000
113295,1909,2300000
158783,6427,880000
135316,1255,1900000
77739,3219,713000
90513,2521,50000
2773605,219073,5000000
9458,196,1200000
13500,68,5600000
245,5,74000
5887,529,2300000
872,53,728000
41656,1048,2300000
215594,6848,2300000
107220,2856,2300000
8550,208,34000
333,51,232000
67098,487,14000000
742,4,1400
1416,48,5300
71,6,933
1474,61,15000000
2736,118,533000
659,80,44000
9423,100,1900
116845,4617,9400
22,1,110
30506,2437,9200000
10,0,110
796,59,286
1060,40,586
763,54,5300
1079,122,232000
11,2,571
5651,166,116000
1672,173,695
161595,2562,5700000
36490,2141,237000
86157,11762,10000000
484858,7744,2700000
32572,740,623000
4608,501,20000
39865,4590,10000000
1064,69,14000
361,41,130000
263217,20394,13000000
61119,3203,2600000
38983,550,2300000
17183,2065,41000000
566,96,501000
4216,231,166000
15551,4848,2900000
37148,2214,1200000
270765,8808,7900000
3272,168,53000
573,36,1100000
887,57,1000000
219,7,786000
1131,13,4800000
70,1,559000
1369,171,1000000
1182,73,1100000
667,46,1100000
148,19,8000000
4525,523,1000000
2294,219,1000000
1307,101,1100000
1472,107,1100000
58,6,1100000
86,4,2800000
271,17,371000
42,5,1100000
94,20,371000
169,19,371000
99,8,2900000
35357,918,333000
1175,93,1100000
24873,1204,551000
43446,3394,19000
53992,1946,8000
3917,122,109000
5329,261,82000
880,19,110000
775,26,76000
78055,3310,3000000
2304,19,399000
370,5,30000
198486,8360,82000
1728,50,319000
56104,32232,2500000
282,61,22000
396911,38413,126000
847720,79424,1200000
4128,57,3100000
422,5,9200
574,22,7900000
949883,40857,288000
4867,37,300000
543,3,8900
18207,5132,351000
2538,75,248000
2982,58,7900000
7620,66,68000
1458,55,2000000
1458,44,1600000
984,125,456000
1579,79,435000
517,8,7900
462,3,54000
991374,7701,4100000
16448,362,252000
52543,934,20000000
53754,619,22000000
48654,3300,8900000
1635,59,102000
946,9,728000
1672,71,447000
51137,1076,20000000
150,5,56000
10460,107,1600000
23844,799,1000000
14681,400,252000
15803,867,1300000
15279,366,252000
732,14,19000
97910,8881,8900000
59040,5323,8900000
265,41,124000
2171932,115685,2000000
255424,16544,180000
139910,4022,4300000
590444,27740,84000
24957,1027,255000
1471,314,373000
13716,283,792000
6914,153,792000
1547,30,792000
7388,170,3500
585,44,353000
3664160,140859,8800000
5698711,293907,1300000
1342637,50839,8800000
2350,74,75000
66273,3152,12000
568,23,353000
1299,19,450000
305,11,154
7090,353,184000
1330,47,40000
4056,208,5300
8720,197,19000000
680,26,19000000
495,18,250
10275,490,19000000
1569,55,5300
1699,87,19000000
1557,76,19000000
1341,47,19000000
5067,96,519000
633,29,19000000
2107,100,19000000
11080,195,519000
3617,79,519000
16,3,41000
30248,175,1200000
27672,4928,1200000
9387,845,350000
4135,52,727000
15306,2053,559000
14957,2057,1200000
2726,221,1200000
6339,563,1200000
147,4,41000
350,35,1000000
134,5,13000
238387,2668,1200000
27448,491,1200000
29587,651,1200000
658,7,75000
13419,1591,1200000
320,10,13000
303,10,22000
672,23,258000
1351,177,325000
3161,85,383000
3169,334,71000
1271,177,71000
1528,223,1500000
1494,174,1700
1095,18,1400
643,19,146000
2206,111,383000
593,78,293000
2434,305,111000
2306,129,12000
1563,102,4200
264,21,192000
974,55,12000
393,26,408000
259,9,5600
386,9,633
688,12,1400
42637,859,897000
2009,512,1300000
27916,5359,3500000
41371,16574,7600000
3713981,99954,13000000
5813957,141396,13000000
359,7,1500000
11494,338,936000
2320,21,946000
39520,1838,936000
9294,3859,17000000
33584,4900,34000
63,5,1400
494089,6938,13000000
142309,7716,3500000
149,3,7300
85065,1228,2200
1516356,27368,13000000
26,3,10000
334,19,149000
19,0,960000
15,9,414000
5,0,36000
64250,3010,2200000
23,3,10000
240,15,328000
4629,918,677000
12,1,20000
649,73,20000
54141,2463,2200000
9974,1100,27000
872157,11890,6500000
3818,581,677000
435937,11214,36000000
26,1,10000
23,7,337000
158,5,20000
7492,464,188000
95,8,20000
994,37,149000
104196,10616,1300000
321805,25734,6500000
1965847,52698,638000
6860,1651,693000
529,1,14000
163498,9070,72000
1209,25,837000
675571,36421,3500000
1733,34,93000
562917,22042,2600000
1404,31,2200000
82405,3099,7200000
28183,2026,1500000
741800,28639,6500000
581322,22308,6500000
193638,6620,6500000
24775,2939,744000
865,24,130000
620031,31350,1100000
4914116,133354,7700000
927,611,1300
95810,5872,795000
41425,2102,795000
73510,2723,20000000
127543,7204,110000
14290,541,795000
39401,1125,627000
1938,29,97000
577462,10145,15000000
1598,22,696000
50933,1965,246000
28175,1634,795000
32884,1145,795000
14988,565,795000
69737,34033,12000000
5021,123,433000
10173,527,5800000
489,21,11000
14499,230,716000
23557,1189,1300000
44443,1554,10000000
302755,31886,134000
2063,41,259000
2270,4,77000
324225,9108,17000000
2139,124,352000
16088,476,2500000
96415,1649,6600000
67253,1933,1500000
283,28,4500
7515,4260,4400
111804,1700,3800000
105223,14835,1300000
71975,2642,552000
2774,186,19000000
1238,142,1800000
44668,1058,27000
139477,4245,17000000
25643,835,15000000
213947,3950,4500000
18530,345,4500000
90006,2274,70000
119721,2041,15000000
13294,276,929000
17002,202,1000
1794583,53326,13000000
2243,36,257000
37030,1192,1100000
77049,1166,4500000
15725,445,4500000
31983,983,15000000
30343,461,4500000
227049,2226,22000
648,28,50000
43417,1907,1300000
985,96,276000
73118,6158,4500000
3693,61,260000
6,3,2900
75464,958,278000
9412,289,9800000
5184,596,35000
3752,774,1000000
792,38,268000
5978,292,11000
29880,2449,20000000
58129,3825,31000
105609,1686,425000
6299,118,3600000
799,6,1600
407,32,907000
549839,7689,278000
17793,239,81000
20370,202,278000
1236,139,2800000
16871,1229,652000
2157,263,490000
1837,77,490000
130,14,2800000
70,61,274
30215,633,21000
107,8,88000
2380584,208155,4500000
2447279,75651,1400000
37609,2949,25000
8997,1402,18000000
468505,21120,71000000
6354474,368592,23000000
8780603,728655,31000000
4279125,1623287,12000000
10242048,9653039,34000000
896692,26953,5400000
436757,40392,184000
846389,23082,1300000
2643815,3997052,17000000
1636820,28325,997000
872926,27636,2500000
16222,301,885000
360733,12956,23000000
29,32,921000
52,14,921000
495451,11336,19000000
11560,553,7700000
259,11,33000
1111,317,1400000
164,15,3000
795954,75230,7500000
329071,10408,2500000
1493363,63261,3600000
8,1,2900
1865,15,79000
337,4,150000
667,9,299000
1903,173,11000000
120657,7934,1200000
11232,1653,165000
3077,153,7000
4672,11,406000
1574,557,15000
360741,24144,78000
6872,301,3000
3331,160,372000
5696,100,1000
59456,2485,830000
1638,193,72000
65239,3350,1200000
5621,927,8700
11053,282,431000
2200,724,253000
21949,8901,359000
204,22,4800000
50,5,190000
1322,48,1000000
148,2,354000
38,3,523000
2,0,523000
6,0,37000
655686,30611,1100000
837,103,3400000
453,20,18000
1291,707,962000
286,7,14000
286585,15171,1100000
1093322,28388,1100000
610,38,61000
290,4,30000
884,49,91000
92,25,3700000
5873,178,2800000
699614,18358,1100000
46,3,230000
824,48,296000
489774,16840,1000000
539830,18959,1000000
123003,4344,51000
32252,12577,92000
3311,161,3700000
395047,10793,1000000
176,20,12000
3310,141,699000
2460,32,27000
374731,7129,372000
4603,140,34000
69897,4027,408000
815639,44554,5900000
1856092,120180,5900000
632750,33547,4200000
1117,85,2100
1975,107,12000
408,32,360000
48545,1500,372000
292740,25622,941000
367371,5822,11000000
321449,9512,3400000
34062,1549,32000
80723,3156,9700
3075,45,34000
96895,4477,434000
1543,109,267000
58902,2863,152000
20600,1030,152000
64846,2845,152000
24873,631,10000
282425,19999,1700000
41250,1019,941000
831923,82959,941000
3455,122,976
2314,36,916000
21,0,231
15494,4762,364000
12737,263,8500000
245343,10559,1700000
407,29,50000
636111,6498,7700000
2354897,45360,16000000
163445,2117,2300000
55396,1778,737000
866,7,34000
183981,3520,219000
374,6,45000
4929310,144741,18000000
1908,50,723000
99,10,7400
6133805,513698,31000000
451,23,38000
469,33,278000
5556,287,35000
1474045,31267,12000000
1842158,48238,12000000
349245,8053,4300000
255338,5059,3100000
46775,1058,6400
43753,1518,6300
2037,41,54000
87932,16303,4400000
17543,562,68000
5658,186,2600000
7873,208,543000
13293,522,3300000
60993,1423,5300000
16882,552,2500000
78,6,61000
36589,869,627000
47440,812,3100000
72431,7679,117000
13441,155,933000
5281,106,2200000
2640,112,226000
12680,275,759000
2776,215,40000
1092371,15634,8600000
1721,39,226000
628,9,101000
246,9,226000
791,17,226000
2428,84,679000
83701,47549,27000000
595,28,226000
1904,44,226000
3356,51,104000
2346,68,0
1513791,37823,6800000
1037,26,764
215,21,1300
544,18,70000
246,19,70000
24,6,3300
1958349,83806,507000
512951,27671,97000
4240,347,22000
748,30,303000
18794,1008,20000000
635272,13535,63000
60572,9691,507000
161128,5340,43000
15591,517,173000
227768,7610,64000
22936,5327,7100000
39972,3286,448000
50275,3678,17000
2221767,96720,863000
178542,7857,507000
127798,1713,83000
216894,14772,3400000
10754,357,7300
11678,325,1400
1051,184,8700
822,67,280000
5639,92,3200
757,23,142000
18871,4818,328000
2858,69,388000
78,21,4700
504,47,80000
1138,14,140000
377,8,66000
88,34,4700
60057,14603,484000
35,1,21000
15881,660,622000
73,14,4700
15272,4410,58000
2871,1676,35000
821,25,772
36185,444,6500000
498,24,861000
4299,350,37000
1003,16,43000
1517,38,135000
475,39,412000
172240,2645,3100000
753,31,221000
624731,40538,4700000
356,3,28000
618,13,126000
216,5,6200
2096,28,721000
7025,151,330000
383,61,10000
445,3,66000
68446,775,6500000
49959,218,2300000
4,5,79
3,4,3400
2,3,79
2588,110,15000
0,0,0
0,1,79
29,50,79
0,2,79
1,1,232000
1,0,0
2,0,114
143679,7306,61000
12609,1137,2100000
76129,5777,17000
15,2,1200
46,4,534
4,1,1
7,1,3
287478,56913,680000
159985,23543,1400000
280685,153957,3000000
16141,7901,33000
22560,437,14000
64930,3086,1400000
8430,1639,98000
170,5,4500
9749,854,2500000
201,9,5200
30141,10708,40000
276791,92341,1300000
366403,14872,155000
5266,209,30000
11698,6922,27000000
17759,8761,3000000
882,13,49000
166,86,23000
270023,151611,27000000
303826,5168,8600000
1179214,709638,20000000
229828,121316,12000000
343718,27180,678000
1124,27,272000
831,38,132000
5079,2961,1100000
622,28,17000
111801,68919,4600000
423906,239745,27000000
116256,61763,27000000
132808,74610,27000000
354381,17916,2100000
123006,79065,16000000
21,16,334000
10696,6496,515000
2045,76,263000
3413,57,1800000
184,2,44000
124592,1086,6300000
9583,549,34000
9843,411,533000
120402,3823,10000000
28545,724,116000
15930,433,138000
189,0,180000
1191,44,138000
212644,6408,43000
3925,141,1800000
6371,144,151000
100255,5973,562000
661,5,187000
184,15,13000
348138,21454,4300000
238342,7430,11000000
18018,1052,4000
6704,419,11000000
10750,298,6900
437361,11737,82000
195682,9792,88000
6588731,465628,16000000
268110,16397,67000
40462,3721,361000
7618,274,34000
2127,70,87000
84717,4443,4300000
37163,1227,4300000
97842,4833,3200000
1572,29,307000
405,36,23000
16858,745,622000
131,4,79000
442131,28896,327000
256025,15302,17000000
7651,231,1200
53260,5193,825000
5318,420,825000
38342,3318,20000000
64815,3459,20000
8027,984,5900
21247,840,6900
180029,16245,3500000
5660,940,1000000
27153,1075,844000
629213,83322,1600000
183560,6681,1600000
46600,3080,17000
27921,5360,3500000
6792,362,395000
333,23,45000
8419,621,65000
4729,72,550000
1663,31,283000
645,19,383000
2871,45,550000
23616,659,8500000
509,6,283000
298,64,708
16447,426,1400000
112,7,738
6349,187,80000
3100,330,572
1713,27,74000
1561,79,2200
21761,425,550000
32708,986,832000
32490,148,1900000
6988,268,329000
55,4,1400
252,35,710
1489,91,7800
150,5,96000
605,38,12000
852,89,28000
543,15,6000
105,6,6500
276,25,17000
111,17,2500
6463,399,1200
670,18,808
109,21,881000
847,41,16000
809,38,667
18,7,881000
693,86,64000
214,21,18000
616449,17905,2000000
111669,3264,12000
408983,11967,2000000
4389,166,30000000
18056,336,2100000
71466,862,859000
70161,2423,34000
22111,610,802000
104024,6450,5700000
679,31,289000
23765,272,588000
14906,309,8500000
4895027,147461,2000000
3216161,91029,15000000
5807049,293319,15000000
29674,433,5700000
83667,2142,2000000
44579,768,2200000
432,27,178000
5811,330,1900000
12,2,419000
17081,613,1700000
8798,218,653000
49717,5851,16000
53312,1279,3000000
1544,82,118000
1362,118,16000
22923,1005,4300000
2970,205,120000
7167,919,138000
2397,149,3000
10777,239,7900000
5130,1073,43000
27980,1065,1700000
5004,203,2000000
3277,184,213000
10843,1387,1500000
5757,223,991000
1172,308,16000
2475,757,16000
549,91,81
12884,5896,1400000
2010,513,1300000
56,21,630000
3163,827,1300000
246206,61112,483000
196,14,13000
966,24,26000
1167,486,64000
1552,353,1300000
4158,1078,1300000
5540,93,50000
36,4,1100
605,17,3500000
5245,455,11000
416869,3234,1200000
1173,17,662000
796,18,26000
30,4,469
47552,3226,1000000
19562,428,484000
1282,16,460000
360751,24145,78000
4385,478,17000
20496,1386,15000
234850,6553,1000000
77400,2831,34000
41517,3371,1300000
217856,8309,1000000
255,16,5500
85,16,63000
34492,2075,1000000
43039,4493,1000000
35233,2469,1000000
22455,1053,519000
244,4,54000
349761,11625,1000000
3486,38,460000
66181,2634,46000
11758,927,4000000
16584,240,3100
2115,82,298000
357,73,7100
11812,1721,299000
9479,2946,689000
1421,77,240000
47,4,26000
14337,235,7900000
28002,506,3700000
462,15,104000
140758,15381,4000000
453560,23261,76000
22117,1877,4000000
35373,1074,3600000
12450,412,64000
88,1,29000
23003,3818,666000
7432,54,24000
7162,366,83000
19893,2654,125000
26440,410,728000
42,1,18000
4717,251,83000
170,3,27000
24059,143,24000
5389,48,24000
3049,37,24000
13,4,164
118,3,50
490136,16342,264000
116857,7684,18000000
2156713,142809,18000000
438,2,102000
9375,73,728000
2859,66,83000
576,10,83000
2739,38,828000
21016,1118,65000
11715,240,379000
585,16,500000
522,26,500000
3531,226,211000
9465,185,958000
4045,27,78000
481,5,26000
2133,70,73000
3417,45,828000
13595,168,1900000
1573,29,828000
1197,19,828000
1442,298,110000
92,5,22000
11894,178,134000
102,93,1300
14711,339,2000000
1093,60,78000
357,10,4400000
509,20,77000
499,48,11000
1040,33,6100
7362,236,17000
4431,85,78000
555,36,29000
136,3,77000
13902,227,484000
2496,330,63000
70806,1577,2000000
952,55,61000
10438,479,8000
1741,121,56000
481,21,428000
3614,134,1600000
98,12,1900
9977,468,17000
1411,76,52000
5435,86,958000
652,274,58000
10340,407,115000
2047,45,787000
346,25,51000
2078,139,24000
3224,171,379000
256,32,425
2414,80,30000
410,34,500000
9854,951,336000
8027,545,393000
16911,505,484000
539,39,153000
266,5,78000
650,10,14000
107,20,51000
901,50,484000
102,93,1300
70806,1577,2000000
55914,1184,1400000
3903,83,78000
3150,95,11000000
2559,114,967
3689,146,172000
2104,31,3600000
852,8,22000
1263,14,30000
4789,88,365
2456,21,32000
38730,1003,460000
5144,216,336000
5702,459,61000
11016,85,48000
41467,464,4900000
2869,89,1800
8525,77,48000
271,10,16000
5085,98,1600000
91,5,7200
130,78,98
2500,90,85000
163,36,263
293,9,18000
403,112,198
267,39,169
44,7,294
78,8,578
187,2,7800
999,20,11000
4833,47,465000
118,16,19000
29,2,6100
321,34,3400
143,7,116000